ID,Name
224,Student_224
224,Student_224
224,Student_224
224,Student_224
224,Student_224
224,Student_224
224,Student_224
224,Student_224
224,Student_224
224,Student_224
224,Student_224
224,Student_224
224,Student_224
224,Student_224
224,Student_224
224,Student_224
224,Student_224
224,Student_224
224,Student_224
224,Student_224
224,Student_224
224,Student_224
224,Student_224
224,Student_224
224,Student_224
224,Student_224
224,Student_224
224,Student_224
224,Student_224
224,Student_224
224,Student_224
224,Student_224
224,Student_224
224,Student_224
224,Student_224
224,Student_224
224,Student_224
224,Student_224
224,Student_224
224,Student_224
224,Student_224
224,Student_224
224,Student_224
224,Student_224
224,Student_224
224,Student_224
224,Student_224
224,Student_224
224,Student_224
224,Student_224
224,Student_224
224,Student_224
224,Student_224
224,Student_224
224,Student_224
224,Student_224
224,Student_224
224,Student_224
224,Student_224
224,Student_224
224,Student_224
224,Student_224
224,Student_224
224,Student_224
224,Student_224
224,Student_224
224,Student_224
224,Student_224
224,Student_224
224,Student_224
224,Student_224
224,Student_224
224,Student_224
224,Student_224
224,Student_224
224,Student_224
224,Student_224
224,Student_224
224,Student_224
224,Student_224
224,Student_224
224,Student_224
224,Student_224
224,Student_224
224,Student_224
224,Student_224
224,Student_224
224,Student_224
224,Student_224
224,Student_224
224,Student_224
224,Student_224
224,Student_224
224,Student_224
224,Student_224
224,Student_224
224,Student_224
224,Student_224
224,Student_224
224,Student_224
224,Student_224
224,Student_224
224,Student_224
224,Student_224
224,Student_224
224,Student_224
224,Student_224
224,Student_224
224,Student_224
224,Student_224
224,Student_224
224,Student_224
224,Student_224
224,Student_224
224,Student_224
224,Student_224
224,Student_224
224,Student_224
224,Student_224
224,Student_224
224,Student_224
224,Student_224
224,Student_224
224,Student_224
224,Student_224
224,Student_224
224,Student_224
224,Student_224
224,Student_224
224,Student_224
224,Student_224
224,Student_224
224,Student_224
224,Student_224
224,Student_224
224,Student_224
224,Student_224
224,Student_224
224,Student_224
224,Student_224
224,Student_224
224,Student_224
224,Student_224
224,Student_224
224,Student_224
224,Student_224
224,Student_224
224,Student_224
224,Student_224
224,Student_224
224,Student_224
224,Student_224
224,Student_224
224,Student_224
224,Student_224
224,Student_224
224,Student_224
224,Student_224
224,Student_224
224,Student_224
224,Student_224
224,Student_224
224,Student_224
